Nazwa,Adres,Kategoria,Telefon,Opis
Szybka Przeróbka,"Szopinek 54D, 22-400 Zamość, Polska",Krawiectwo,+48 500 352 159,"Przeróbki odzieży, w tym sukni ślubnych i wizytowych."
Igła i nitka – usługi krawieckie,"ul. Piłsudskiego 6, 22-400 Zamość, Polska",Krawiectwo,+48 502 728 308,"Skracanie, zwężanie, wszywanie zamków w kurtkach."
AGA Pracownia Krawiecka,"ul. Zamoyskiego 51, 22-400 Zamość, Polska",Krawiectwo,+48 790 426 646,"Przeróbki krawieckie, prasowalnia i pralnia."
Beata Przerabia,"ul. Bazyliańska 34, 22-400 Zamość, Polska",Krawiectwo,+48 721 436 456,Przeróbki i poprawki odzieży.
Usługi krawieckie Maria Prochowicz,"ul. Wyszyńskiego 30, 22-400 Zamość, Polska",Krawiectwo,+48 692 089 127,"Przeróbki odzieży, szybkie poprawki."
Naprawa obuwia i torebek – Szewc,"ul. Grecka 5, 22-400 Zamość, Polska",Szewc,+48 782 001 785,"Klejenie, fleki, wymiana zamków w kozakach, naprawa torebek."
Zakład Naprawy Obuwia G. Piskor,"ul. Orzeszkowej 28, 22-400 Zamość, Polska",Szewc,+48 512 294 155,"Naprawa obuwia i wyrobów skórzanych, wymiana podeszew."
Usługi szewskie Władysław Brodziński,"ul. Hrubieszowska 34, 22-400 Zamość, Polska",Szewc,+48 692 557 841,Naprawa obuwia.
Szewc F.H.U. „TEKS”,"ul. Niepodległości 2, 22-400 Zamość, Polska",Szewc,,Naprawa obuwia.
Zegarmistrz – Bazyliańska,"ul. Bazyliańska 26, 22-400 Zamość, Polska",Zegarmistrz,+48 504 096 524,"Naprawa zegarków, wymiana baterii i pasków."
Zegarmistrz w Hetmanie,"ul. Piłsudskiego 8, 22-400 Zamość, Polska",Zegarmistrz,,"Naprawa zegarków, baterie, paski, czyszczenie."
Zegarmistrzostwo – Grodzka,"ul. Grodzka 10, 22-400 Zamość, Polska",Zegarmistrz,+48 603 205 150,"Naprawa zegarków, także trudniejsze mechanizmy."
Zakład zegarmistrzowski Andrzej Wójtowicz,"ul. Hrubieszowska 30A, 22-400 Zamość, Polska",Zegarmistrz,+48 606 467 834,"Naprawa zegarków, dorabianie kluczy."
"Kurant – złoto, srebro, zegarki","ul. Partyzantów 65, 22-400 Zamość, Polska",Biżuteria,+48 84 639 31 26,"Biżuteria, obrączki na zamówienie, naprawa zegarków."
Naprawa AGD Rafał Gdak,"Zwódne 46, 22-400 Zamość, Polska",AGD,+48 507 480 027,"Naprawa pralek, zmywarek i innego sprzętu AGD."
Serwis AGD MEGAN,"ul. Partyzantów 34, 22-400 Zamość, Polska",AGD,+48 883 033 003,"Pralki, zmywarki, ekspresy. Odbiór sprzętu z domu."
Zakład naprawy sprzętu domowego Lucjan Sierkowski,"ul. Słoneczna 8, 22-400 Zamość, Polska",AGD,+48 84 638 40 51,Specjalizacja: sprzęt Bosch i Siemens.
PW Serwis-Lux – Serwis AGD,"ul. Reja 14, 22-400 Zamość, Polska",AGD,+48 502 247 504,"Pralki, kuchenki, mikrofalówki, sprzęt do zabudowy."
PHU Ryszard Puliński – pralki i lodówki,"ul. Żaków 2, 22-400 Zamość, Polska",AGD,+48 84 638 55 36,Naprawa pralek i lodówek.
Digital Serwis RTV,"ul. Brzozowa 24/5, 22-400 Zamość, Polska",RTV i elektronika,+48 796 334 114,"Sprzęt RTV i audio, także sprzęt vintage."
Tele-Radio – E. Matczuk,"ul. Wyszyńskiego 34, 22-400 Zamość, Polska",RTV i elektronika,+48 84 627 64 70,"Gramofony, wzmacniacze, głośniki Bluetooth, słuchawki."
Naprawa sprzętu RTV – Lwowska,"ul. Lwowska 6, 22-400 Zamość, Polska",RTV i elektronika,+48 606 890 588,"Sprzęt RTV i drobne AGD, np. odkurzacze."
Pal-Color – naprawa telewizorów,"ul. Młyńska 27, 22-400 Zamość, Polska",RTV i elektronika,+48 602 632 234,Naprawa telewizorów.
Elektronika Naprawy – Marek Bajan,"ul. Rzemieślnicza 19, 22-400 Zamość, Polska",RTV i elektronika,+48 604 082 677,"Elektronika samochodowa, CB-radia, laptopy, telewizory."
KrissGSM.eu,"ul. Wyszyńskiego 1, 22-400 Zamość, Polska",Telefony,+48 531 385 994,"Wymiana szybek, ekranów i baterii w telefonach."
MR. SZYBKA GSM,"ul. Lubelska 40/45, 22-400 Zamość, Polska",Telefony,+48 799 797 697,"Naprawa telefonów, baterie, aparaty, folie."
Serwis Telefonów Komórkowych GSM,"ul. Partyzantów 39, 22-400 Zamość, Polska",Telefony,+48 788 099 914,Naprawa telefonów komórkowych.
Serwis telefonów telakces,"Galeria Twierdza, ul. Przemysłowa 10, 22-400 Zamość, Polska",Telefony,+48 799 777 808,"Serwis telefonów Apple, Samsung, Xiaomi."
NOVITECH – serwis laptopów,"ul. Partyzantów 53, 22-400 Zamość, Polska",Komputery i konsole,+48 502 540 999,"Naprawa laptopów, zasilaczy, padów do konsol."
Mawir Komputery – Serwis,"ul. Świętego Piątka 12, 22-400 Zamość, Polska",Komputery i konsole,+48 84 543 11 11,Naprawa komputerów i odzyskiwanie danych.
Serwis Konsol i Laptopów,"Sitaniec 392, 22-400 Zamość, Polska",Komputery i konsole,+48 737 476 096,"Czyszczenie i naprawa konsol, pady, laptopy."
Soft – Piotr Różycki,"ul. Zamenhofa 12, 22-400 Zamość, Polska",Komputery i konsole,+48 84 639 10 21,Serwis komputerów i drukarek.
Biko – Usługi Informatyczne,"ul. Partyzantów 32, 22-400 Zamość, Polska",Komputery i konsole,+48 451 079 772,"Naprawa komputerów, wymiana baterii w laptopach."
Serwis rowerowy K9,"ul. Kopernika 9, 22-400 Zamość, Polska",Rowery,+48 535 548 915,"Serwis rowerów, także elektrycznych."
Ale Jazda – sklep i serwis rowerowy,"ul. Wyszyńskiego 39B, 22-400 Zamość, Polska",Rowery,+48 500 191 818,Serwis rowerowy.
Serwis Rowerowy – Partyzantów,"ul. Partyzantów 22, 22-400 Zamość, Polska",Rowery,+48 791 070 096,"Naprawa rowerów, możliwy dojazd do klienta."
Atlanta – sklep i serwis rowerowy,"ul. Partyzantów 29, 22-400 Zamość, Polska",Rowery,+48 84 639 15 29,"Serwis rowerów, centrowanie kół."
Tapicer Szelug,"Kalinowice 246A, 22-400 Zamość, Polska",Tapicerstwo,+48 603 559 393,Tapicerstwo meblowe i samochodowe.
Tapicerstwo samochodowe i meblowe – Kalinowice,"Kalinowice 122, 22-400 Zamość, Polska",Tapicerstwo,+48 721 497 193,"Fotele samochodowe, siedzenia motocyklowe, meble."
Usługi tapicerskie Jacek Koszuta,"ul. Szczebrzeska 47A, 22-400 Zamość, Polska",Tapicerstwo,+48 509 783 083,"Łóżka, krzesła, tapicerka samochodowa."
Tapicer Zamość – Zamoyskiego,"ul. Zamoyskiego 51, 22-400 Zamość, Polska",Tapicerstwo,+48 724 623 714,Tapicerstwo meblowe.
Tapicerstwo Leszek Krasoń,"ul. Kiepury 14, 22-400 Zamość, Polska",Tapicerstwo,+48 608 632 821,"Kanapy, poduszki, tapicerka samochodowa."
Cyklinomania.pl,"ul. Przerwy-Tetmajera 4, 22-400 Zamość, Polska",Parkiet i podłogi,+48 500 535 454,Bezpyłowe cyklinowanie i renowacja parkietu.
Perfect Floor – Sitaniec,"Sitaniec-Kolonia 20, 22-400 Zamość, Polska",Parkiet i podłogi,+48 534 136 968,Cyklinowanie i lakierowanie parkietu.
Perfectfloor – Chyża,"Chyża 120, 22-400 Zamość, Polska",Parkiet i podłogi,+48 881 508 815,"Cyklinowanie, także naprawa źle wykonanych podłóg."
S.K. OdNowa,"ul. Kilińskiego 7A, 22-400 Zamość, Polska",Renowacja mebli,+48 881 500 697,Renowacja starych mebli.
Zmalowane – stylizacja mebli,"ul. Północna 6, 22-400 Zamość, Polska",Renowacja mebli,+48 519 383 929,Odnawianie i malowanie mebli.
Pracownia Biżuterii Dariusz Królikowski,"ul. Pereca 11, 22-400 Zamość, Polska",Biżuteria,+48 84 638 55 35,"Naprawa i zmiana rozmiaru pierścionków, czyszczenie."
Pracownia Złotnicza Dorota Koska,"ul. Bazyliańska 16, 22-400 Zamość, Polska",Biżuteria,+48 84 627 19 99,"Naprawa biżuterii, przetapianie złota."
Pracownia złotniczo-jubilerska M. Niderla,"ul. Partyzantów 65, 22-400 Zamość, Polska",Biżuteria,,"Naprawa biżuterii, wyroby na zamówienie."
F.H.U. Kluczyk – Robert Gruszka,"ul. Przemysłowa 10, 22-400 Zamość, Polska",Klucze i zamki,+48 601 805 272,Dorabianie i kodowanie kluczy samochodowych.
Klucznik – punkt dorabiania kluczy,"ul. Partyzantów 65, 22-400 Zamość, Polska",Klucze i zamki,+48 84 639 31 26,"Klucze, kluczyki samochodowe, ostrzenie noży."
Dorabianie kluczy Zygmunt Głazowski,"ul. Hrubieszowska 30A, 22-400 Zamość, Polska",Klucze i zamki,+48 503 747 131,Klucze do domu i samochodu.
"Olikar – dorabianie kluczy, ślusarz","CH Carrefour, ul. Lwowska 56, 22-400 Zamość, Polska",Klucze i zamki,+48 602 393 056,"Klucze, piloty samochodowe, skracanie bransolet."
Klucznik II – P. Skwarzyński,"ul. Piłsudskiego 8, 22-400 Zamość, Polska",Klucze i zamki,+48 84 627 06 88,"Dorabianie kluczy, klucze z immobilizerem."
ALserwis – elektronarzędzia i myjki,"Szopinek 89e, 22-400 Zamość, Polska",Elektronarzędzia i ogród,+48 731 095 218,Naprawa elektronarzędzi i myjek ciśnieniowych.
WENC – serwis elektronarzędzi i sprzętu spalinowego,"Stary Zamość 13A, 22-417 Stary Zamość, Polska",Elektronarzędzia i ogród,+48 503 874 028,"Piły, kosiarki, podkaszarki."
PNEU-MIG Andrzej Szykuła,"ul. Graniczna 40, 22-400 Zamość, Polska",Elektronarzędzia i ogród,+48 608 089 488,Naprawa spawarek i urządzeń warsztatowych.
Farbacol – Centrum Elektronarzędzi,"ul. Dzieci Zamojszczyzny 2, 22-400 Zamość, Polska",Elektronarzędzia i ogród,+48 669 998 921,Sklep z serwisem elektronarzędzi.
Ostrzenie narzędzi – Lwowska,"ul. Lwowska 36, 22-400 Zamość, Polska",Elektronarzędzia i ogród,,Ostrzenie narzędzi.
Okularium – salon optyczny,"ul. Reja 21, 22-400 Zamość, Polska",Okulary,+48 84 627 53 72,Regulacja i drobne naprawy okularów.
Optyk Grodzka – Anna Mączka-Kulik,"ul. Grodzka 5, 22-400 Zamość, Polska",Okulary,+48 786 166 444,"Naprawa okularów, także przeciwsłonecznych."
Bryle Optyk Express,"Revia Park, ul. Lubelska 40, 22-400 Zamość, Polska",Okulary,+48 518 222 961,"Okulary, naprawy oprawek."
